id	fitness_value	generation	project_id
1	7748762.43909	1	1
2	7708273.699999999	2	1
3	7345871.793520001	3	1
4	7279742.657920001	4	1
5	6933461.911760001	5	1
6	7546552.126799998	1	2
7	6467112.286060001	8	1
8	7726268.824999999	1	3
9	7042364.087790001	4	2
10	7228844.9127400005	2	3
11	7497901.07084	1	4
12	6159573.584160001	10	1
13	7452604.4875	1	5
14	6822257.221849999	6	2
15	7490151.79748	2	4
16	7372924.54473	2	5
17	7217499.899459999	3	4
18	5849993.91085	12	1
19	6955449.87931	5	3
20	6661113.578640001	8	2
21	7168820.658320002	3	5
22	7070180.9414800005	4	4
23	5591919.527419998	14	1
24	6924756.38888	4	5
25	7018472.3058	5	4
26	6401312.754319999	10	2
27	6502167.1075	7	3
28	6661132.2075	5	5
29	6907850.04797	6	4
30	5363738.236409999	16	1
31	6619200.414519999	7	4
32	6231582.069680001	12	2
33	6314990.990000001	9	3
34	5160685.043959999	18	1
35	6526677.8111499995	8	4
36	6457784.246320001	8	5
37	6020363.20108	14	2
38	6053825.205	11	3
39	4911922.399750001	20	1
40	6361185.866140001	10	5
41	6382585.233499999	11	4
42	5810612.78636	16	2
43	5778503.979439999	13	3
44	6287683.92472	12	5
45	5558603.7043699995	18	2
46	6113121.78051	13	4
47	4671561.058220001	25	1
48	5927515.269990002	14	5
49	5409772.728739999	20	2
50	5915137.351450001	15	4
51	4548279.350400002	28	1
52	5537289.452339999	18	3
53	5823047.9508	16	5
54	5232755.48885	22	2
55	5747291.902500001	17	4
56	4363756.001400001	31	1
57	5466915.62916	18	5
58	4938687.3978	24	2
59	5299476.352749999	21	3
60	5555160.162500001	19	4
61	4168649.73078	34	1
62	5431297.36074	20	5
63	5477842.649789998	21	4
64	5161630.571770001	24	3
65	5320417.482880002	22	5
66	4568207.690660001	29	2
67	5215149.426750001	23	4
68	5156866.521280001	24	5
69	4802951.175	27	3
70	3939950.9960299996	41	1
71	5109665.82769	25	4
72	4539080.874970002	32	2
73	4884642.687250001	26	5
74	4817273.530240001	27	4
75	4550541.85506	30	3
76	4767946.210090002	28	5
77	3809934.6630599997	45	1
78	4322599.5274	35	2
79	4594171.4178100005	29	4
80	4601515.221300002	30	5
81	4506492.53228	33	3
82	3680102.261840001	49	1
83	4168044.065580002	38	2
84	4476252.5399400005	32	5
85	4022850.8212800026	41	2
86	4413964.722960002	34	5
87	3510122.8667400004	53	1
88	4301094.690330001	36	3
89	4412060.6450000005	34	4
90	4390670.423200002	36	5
91	3926655.8233600007	44	2
92	3412973.5848499984	57	1
93	4091658.2793400027	39	3
94	4284226.54225	38	5
95	4247658.319490001	37	4
96	3794960.1378000006	47	2
97	4083878.7928200006	40	5
98	3281247.3048700024	61	1
99	4142716.665600002	40	4
100	3984199.14352	42	5
101	3703470.7378399996	50	2
102	3166123.2044999995	65	1
103	3812673.4048000006	44	5
104	4070916.6550199995	43	4
105	4008550.194450001	46	3
106	3657052.2782	53	2
107	3140131.6662500002	69	1
108	3939353.7156299986	46	4
109	3533574.085679999	56	2
110	3728440.679440001	49	5
111	3825010.09582	50	3
112	3037773.2028499986	73	1
113	3440604.5949600013	59	2
114	3850379.413219998	49	4
115	3605825.6039999994	52	5
116	2968532.45283	77	1
117	3354662.9522100007	62	2
118	3769622.701280002	54	3
119	3783793.6775999996	52	4
120	3524279.8978700014	55	5
121	2891356.3634400005	81	1
122	3263045.457400001	65	2
123	3368407.553800001	58	5
124	3683709.1202800004	55	4
125	3620581.2827000003	58	3
126	3246210.1364399996	68	2
127	2863476.353600001	85	1
128	3299785.630590001	61	5
129	3653352.1209699977	58	4
130	3156298.3361600013	71	2
131	2765626.5244999994	89	1
132	3215137.649719999	64	5
133	3543511.6254400006	62	3
134	3106897.2599200006	74	2
135	3471218.3368999986	61	4
136	2672539.0589500004	93	1
137	3037424.4496800005	67	5
138	3042390.030140001	77	2
139	3431902.929840002	66	3
140	3405603.4383399994	64	4
141	2640528.4834600007	97	1
142	2980837.1841000016	70	5
143	2949640.410190002	80	2
144	2942594.419439999	73	5
145	2564799.9012399996	101	1
146	3369536.20754	67	4
147	3326131.4270400014	70	3
148	2869652.4461900005	83	2
149	2893941.819650001	76	5
150	2516332.12495	105	1
151	3233741.793249999	70	4
152	2827142.49344	86	2
153	2813583.5865	79	5
154	3221768.5811599987	74	3
155	2777756.3684000014	89	2
156	2461233.4166799993	109	1
157	3206036.3983999994	73	4
158	2734793.4602400004	82	5
159	2759627.398210001	92	2
160	2655314.1467999998	85	5
161	2425740.293559999	113	1
162	3109946.5587	78	3
163	3078269.621649999	76	4
164	2678600.2633600007	95	2
165	2577674.6480000005	88	5
166	2367055.0175199998	117	1
167	2990798.134560002	79	4
168	2616776.827539999	98	2
169	2533355.2722500004	91	5
170	3047643.7620000015	82	3
171	2313491.635390001	121	1
172	2459051.9502999983	94	5
173	2544204.090929999	101	2
174	2969910.0545000006	82	4
175	2936420.1777600013	86	3
176	2239319.6273000007	125	1
177	2442486.0862800004	97	5
178	2517991.1083800006	104	2
179	2930408.226549999	85	4
180	2383226.8171999995	100	5
181	2446916.8724800004	107	2
182	2201340.6799999992	129	1
183	2887920.039149999	90	3
184	2897900.7209700025	88	4
185	2317682.99015	103	5
186	2418433.2399599995	110	2
187	2182300.9267000007	133	1
188	2384709.1331000007	113	2
189	2824974.07888	91	4
190	2815292.0717599983	94	3
191	2118846.8056	137	1
192	2276558.8254	110	5
193	2807234.59267	94	4
194	2097824.162510001	141	1
195	2357164.897799998	120	2
196	2239558.7953200005	114	5
197	2798007.5746999998	98	3
198	2743215.843679999	97	4
199	2039012.9200400005	145	1
200	2176999.587889998	118	5
201	2278124.062219999	124	2
202	2696201.809599999	102	3
203	2698455.3956	100	4
204	2033097.4230399998	149	1
205	2167030.85736	122	5
206	2243936.5656	128	2
207	2660816.1350400005	103	4
208	1993548.39532	153	1
209	2669456.1315	106	3
210	2114166.966559999	126	5
211	2204870.8269600007	132	2
212	2601553.7446399992	106	4
213	1990633.7170800003	157	1
214	2086441.75976	130	5
215	2159963.3430300006	136	2
216	2603928.6490099994	110	3
217	2569344.78125	109	4
218	1957047.36334	161	1
219	2066947.248999999	134	5
220	2156300.9744000006	140	2
221	2493106.2062300006	112	4
222	2573074.41252	114	3
223	1948107.9359999998	165	1
224	2005220.6189199996	138	5
225	2144658.274470001	144	2
226	1926671.3871600002	169	1
227	1997339.738	142	5
228	2116208.4652000004	148	2
229	2511161.9571999996	118	3
230	1916507.7955200004	173	1
231	1977383.7563400003	146	5
232	2464187.6411800007	119	4
233	2073188.744	152	2
234	2448323.926259999	122	3
235	1901137.1609400003	177	1
236	1947893.079	150	5
237	2056647.9522999988	156	2
238	2414549.4369600005	123	4
239	2427530.92248	126	3
240	1927192.4688200005	154	5
241	1900404.0724000004	181	1
242	2055299.71336	160	2
243	2355208.3312	127	4
244	1910469.969800001	158	5
245	1891051.5981600003	185	1
246	2013359.4460000002	164	2
247	2384188.2528	130	3
248	1896558.6660600004	162	5
249	2316735.423059999	131	4
250	1889961.8250000007	189	1
251	1983228.6641000002	168	2
252	1862749.111400001	166	5
253	2358290.90064	134	3
254	1888891.4973499998	193	1
255	2245228.67384	135	4
256	1849936.055459999	170	5
257	2296646.5017499984	138	3
258	1886030.402480001	197	1
259	2188727.3689	139	4
260	1831256.819359999	174	5
261	1957289.007499999	177	2
262	1883670.0036	201	1
263	2258720.39392	142	3
264	1821224.4638399987	178	5
265	2159698.20416	143	4
266	1946517.8987199995	182	2
267	1881902.3912000004	205	1
268	1820234.874639999	182	5
269	2239840.13008	146	3
270	2119790.4179200004	147	4
271	1927636.2434399996	187	2
272	1879862.7965	209	1
273	1788233.1568199995	186	5
274	2229088.6178000006	150	3
275	2103455.404140001	151	4
276	1915015.3102999995	192	2
277	1878295.76069	213	1
278	2205397.9850000003	154	3
279	2100287.92664	155	4
280	1891643.8298399993	197	2
281	1875022.74775	217	1
282	2156725.0632500006	158	3
283	2061948.7654999997	159	4
284	1865873.7020800004	221	1
285	1881920.7892399994	202	2
286	1776002.0402699993	201	5
287	2156177.3975599986	162	3
288	1862064.5925199997	225	1
289	1859165.1373199997	207	2
290	2137343.1981000006	166	3
291	1771492.2048999993	207	5
292	2028759.761040001	168	4
293	1843204.8386899997	229	1
294	1840951.5182999999	212	2
295	2109819.9075199994	170	3
296	1765468.23592	213	5
297	1996430.4362400004	173	4
298	1816812.2836699993	217	2
299	2100188.7702799994	174	3
300	1769583.6402099994	222	2
301	1978025.7846500005	178	4
302	1759370.0090000003	219	5
303	1841503.3742999998	238	1
304	2070497.8109100002	178	3
305	1740202.4626799999	227	2
306	1961762.519760001	183	4
307	2064200.3410000002	182	3
308	1728078.5446999995	232	2
309	2047054.902459999	186	3
310	1941162.9804800008	188	4
311	1713310.5113499996	237	2
312	2026984.1539800002	190	3
313	1902888.44498	193	4
314	1699464.5802899997	242	2
315	1890237.5973499995	198	4
316	2020751.435070001	199	3
317	1680572.8923600002	247	2
318	1997805.9589600007	204	3
319	1672734.0952800007	252	2
320	1883325.971259999	209	4
321	1662583.3728000002	257	2
322	1977280.6087799997	209	3
323	1646694.561500001	262	2
324	1962580.5917999996	214	3
325	1862146.351839999	215	4
326	1635925.779920001	267	2
327	1944229.5572999998	219	3
328	1854685.2536999993	221	4
329	1626167.0716000006	272	2
330	1923630.4065	224	3
331	1625432.1519300009	277	2
332	1839707.2168700001	283	1
333	1848796.2829199994	227	4
334	1910009.05424	229	3
335	1842284.5230500004	233	4
336	1905574.6617500007	234	3
337	1605246.5990600009	288	2
338	1743135.87176	282	5
339	1829075.02584	293	1
340	1900749.35232	239	3
341	1839259.5918199997	239	4
342	1603237.913950001	294	2
343	1894803.8650600002	244	3
344	1824922.4645599998	245	4
345	1601628.2238800006	300	2
346	1737411.2490800004	294	5
347	1891138.5039399997	249	3
348	1825902.9619999998	303	1
349	1592288.189350001	306	2
350	1811702.0283999997	251	4
351	1885759.5325600007	254	3
352	1795313.5814000003	257	4
353	1880922.69068	259	3
354	1730952.7482399996	306	5
355	1776949.1945599997	313	1
356	1878867.9132000008	264	3
357	1755384.53806	263	4
358	1874416.1570400007	269	3
359	1750828.3880500002	269	4
360	1718143.84536	318	5
361	1767366.7145599998	323	1
362	1743294.69313	275	4
363	1592230.187700001	336	2
364	1742852.78529	281	4
365	1766293.6609999996	333	1
366	1738204.36536	287	4
367	1726782.9979999997	293	4
368	1717309.7283499998	343	5
369	1757423.2948999992	343	1
370	1717127.6643200004	299	4
371	1602216.7961600006	1	8
372	1583437.4309599998	2	8
373	1578061.2856	3	8
374	1502578.4349600002	4	8
375	1466759.5784399998	5	8
376	1690670.1295499997	305	4
377	1376418.4816	8	8
378	1329098.4271799999	10	8
379	1279607.9835599998	12	8
380	1192561.9759200008	14	8
381	1184941.5619400004	16	8
382	1688679.0964199994	356	5
383	1138318.9851999998	18	8
384	1104693.5462300002	20	8
385	1062641.4149800001	22	8
386	1689642.8698	311	4
387	1025351.6549000001	24	8
388	987934.9599999991	26	8
389	980587.0139999992	28	8
390	955165.0436000006	30	8
391	950155.7151100001	32	8
392	907525.5407600005	34	8
393	844274.0949299997	39	8
394	827156.6448799997	42	8
395	1689207.4861000003	317	4
396	811692.0155500005	45	8
397	804403.8415800002	48	8
398	770912.9300000002	51	8
399	740185.51538	54	8
400	729352.5828599998	57	8
401	710829.38457	60	8
402	705724.5687800002	63	8
403	680899.2384500001	66	8
404	1679760.3609799996	369	5
405	669384.4943	69	8
406	653297.5211999998	72	8
407	1852306.7767000003	325	3
408	638970.6403200001	79	8
409	630139.32405	83	8
410	625946.8162999998	87	8
411	616121.6639299999	91	8
412	613676.9403499999	95	8
413	604784.5274300002	99	8
414	600372.7636800002	103	8
415	588825.62659	107	8
416	581718.6799499999	111	8
417	573838.2364799998	115	8
418	568697.1344	124	8
419	562375.5369000001	129	8
420	1684689.1953599993	1	9
421	561802.8906999999	134	8
422	1657347.0684900002	2	9
423	554905.77687	139	8
424	1555690.676609999	3	9
425	550897.23315	144	8
426	1494761.31384	6	9
427	549741.2916200001	162	8
428	1443003.9638999999	8	9
429	549202.9026	169	8
430	513341.78820000007	176	8
431	1297653.9720600008	10	9
432	1655122.2322	382	5
433	1805968.8784000003	336	3
434	492903.08794	183	8
435	1286273.3987999998	12	9
436	460991.25680000003	190	8
437	1222207.6305099996	14	9
438	454915.48725	205	8
439	1193880.0751599998	16	9
440	449554.24096	213	8
441	1159343.0371199998	18	9
442	449071.2295	221	8
443	1097401.5595199987	20	9
444	1072433.6960400003	22	9
445	1054414.0176799998	24	9
446	1017012.9263200003	26	9
447	975493.7732900003	28	9
448	961666.0316700004	30	9
449	919167.1096000011	32	9
450	889568.0252099999	34	9
451	448627.67823	298	8
452	856738.64008	36	9
453	844513.8115000007	38	9
454	843979.49318	40	9
455	1756917.5970799993	347	3
456	835238.7146400001	42	9
457	832058.1289	44	9
458	814245.3091599995	46	9
459	1637848.5283099993	395	5
460	810076.6657300005	48	9
461	785004.2987000003	50	9
462	1602104.2187100004	1	10
463	1560995.2819500007	2	10
464	771286.3080000004	55	9
465	1524034.3619200008	3	10
466	742101.9542200001	58	9
467	1445321.2054600008	6	10
468	709447.2989599999	65	9
469	1379114.095449999	8	10
470	704683.2310999999	69	9
471	677810.8112799997	73	9
472	1298780.0987199997	10	10
473	669163.7893099996	77	9
474	1228575.4466099995	12	10
475	648353.5889600001	81	9
476	1201029.4529499996	14	10
477	633971.2145999998	85	9
478	1131557.9213899996	16	10
479	624694.5876000001	94	9
480	1075230.1412800008	18	10
481	1752974.7288800003	358	3
482	616964.2662199999	99	9
483	1015041.4732000007	20	10
484	607039.42598	104	9
485	980093.7999599995	22	10
486	591096.3833400001	109	9
487	966116.1982600002	24	10
488	580530.4498	114	9
489	933802.0551300002	26	10
490	570294.73049	119	9
491	565773.4326000001	124	9
492	910305.07919	28	10
493	1689093.3901000004	1	11
494	560922.2918799999	129	9
495	889725.4408600007	30	10
496	1683072.4392000001	2	11
497	556165.4533	134	9
498	860323.7502800004	32	10
499	1656237.3525000003	3	11
500	552074.7008000001	139	9
501	859945.6992299999	34	10
502	1596833.7162999997	4	11
503	549047.5224600001	144	9
504	844948.9561599997	36	10
505	1352173.7719999999	5	11
506	547985.1480800001	149	9
507	830968.2849600002	38	10
508	827846.2353999997	40	10
509	485973.69976999995	160	9
510	1319348.1243200002	8	11
511	806713.8627600003	42	10
512	468011.52124	166	9
513	803741.2389299996	44	10
514	1298969.8873000008	10	11
515	465912.99868	172	9
516	791522.1624000003	46	10
517	775655.7805600001	48	10
518	1256113.92207	12	11
519	461267.72680999996	185	9
520	767406.3918800002	50	10
521	1166604.1488000005	14	11
522	756243.5726099999	52	10
523	452225.15352999995	192	9
524	1157373.9934800002	16	11
525	737906.8812800003	57	10
526	1127449.6373400001	18	11
527	720205.8268500001	60	10
528	702307.0815599998	63	10
529	1061882.69018	20	11
530	966341.28767	22	11
531	690287.8521999998	70	10
532	680403.1499399999	74	10
533	449614.35773999995	249	9
534	960603.5540800007	27	11
535	672771.0921199999	78	10
536	901536.5362699996	30	11
537	653837.6263400003	82	10
538	646573.2536599998	86	10
539	894819.9456000001	33	11
540	625313.2199999999	90	10
541	859776.3547199997	36	11
542	610753.8914999998	94	10
543	835749.4590400002	39	11
544	597228.3864100002	98	10
545	1625763.0528000002	422	5
546	582960.38055	102	10
547	801713.21744	42	11
548	448668.75535000005	303	9
549	574535.57018	106	10
550	794969.945	45	11
551	750488.8746399999	48	11
552	569446.7329299999	115	10
553	1801379.3596000003	1	12
554	738395.5419999997	51	11
555	1697976.3428799992	2	12
556	561578.9063899998	126	10
557	733240.4802200001	54	11
558	1664305.6239500004	3	12
559	557572.82235	132	10
560	709030.875	57	11
561	1546723.4991099997	4	12
562	555074.14335	138	10
563	695667.2015699999	60	11
564	1469743.1343999999	5	12
565	1743931.796139999	381	3
566	550128.55176	144	10
567	690193.5045599999	63	11
568	448595.32813000004	369	9
569	549359.6530000002	150	10
570	672941.8836000001	66	11
571	1362672.0520199996	8	12
572	645758.7925	69	11
573	548343.5334000001	156	10
574	643541.7775099998	72	11
575	1352651.6002600004	10	12
576	642725.6508600002	75	11
577	632636.4713399999	78	11
578	1327863.2416000008	12	12
579	628435.3340600001	81	11
580	548001.86484	177	10
581	624942.7502	84	11
582	1215843.1966499991	14	12
583	620347.43725	87	11
584	614288.11492	90	11
585	1214438.3624500001	16	12
586	545769.90207	194	10
587	608197.4107700001	93	11
588	1158784.1596100007	18	12
589	601491.95986	96	11
590	594628.372	99	11
591	1103915.3660000002	20	12
592	589232.4694299998	102	11
593	580973.87584	105	11
594	1091283.33656	22	12
595	574229.4066200001	108	11
596	569247.66084	111	11
597	541224.8839600001	224	10
598	1066376.9577999997	24	12
599	563565.4477	114	11
600	1063973.8530200005	26	12
601	1600957.2971400006	436	5
602	561076.5556000001	121	11
603	483110.877	235	10
604	967064.3792599998	28	12
605	556305.2791500001	125	11
606	456455.9435199999	246	10
607	552057.3709	129	11
608	447994.78031000006	492	9
609	497002.99364	133	11
610	483889.59808	137	11
611	919706.1675200004	33	12
612	473584.7375299999	141	11
613	905001.7890400001	36	12
614	1680666.25034	393	4
615	468413.77139999997	150	11
616	1743311.1865899998	393	3
617	465755.4885999999	155	11
618	877312.9579399998	39	12
619	456715.56879999995	160	11
620	449682.31895999995	282	10
621	852203.4609100004	42	12
622	453000.1262	165	11
623	832948.9004000002	45	12
624	1735292.6278899994	418	1
625	802236.3065100001	48	12
626	452859.27527999994	183	11
627	449560.29935	190	11
628	795094.4637500001	51	12
629	770441.8601399999	54	12
630	449554.24096	205	11
631	753260.5816399998	57	12
632	448627.67823	213	11
633	449173.319	340	10
634	743057.9317500001	60	12
635	713231.9731199996	63	12
636	707494.98224	66	12
637	1590376.8971000002	471	2
638	690087.9140600001	73	12
639	678736.7991199996	77	12
640	667682.16664	81	12
641	449071.2295	391	10
642	638745.2899999998	85	12
643	1600687.36896	450	5
644	635043.48007	89	12
645	448749.10545	409	10
646	619396.9299999998	93	12
647	607038.5504	97	12
648	1716009.4894600008	405	3
649	600301.1311199999	101	12
650	1671033.26516	406	4
651	594804.65603	105	12
652	588728.6209200001	109	12
653	448627.67823	446	10
654	579303.0151999999	113	12
655	577540.2960000001	117	12
656	574774.78813	121	12
657	565512.35844	125	12
658	559886.74122	129	12
659	557625.23011	133	12
660	554749.69432	137	12
661	550577.0736	146	12
662	550549.4609000001	157	12
663	1707857.4059700007	433	1
664	549258.6402	170	12
665	1600022.7564800007	464	5
666	1705308.0286999997	417	3
667	546212.5114000001	215	12
668	1584095.8081600002	489	2
669	447994.78031000006	461	11
670	1654081.3270399994	419	4
671	1685238.8928399992	429	3
672	471950.44337999995	370	12
673	1673503.4221700002	448	1
674	1653307.7596400005	432	4
675	467428.58521000005	390	12
676	453802.8184700001	410	12
677	448488.83649	430	12
678	444193.32719000004	471	12
679	1666474.51258	441	3
680	448366.81688000006	1533	8
681	1660265.9534800004	463	1
682	1661989.5860000006	453	3
683	1576768.1569200004	509	5
684	1659270.24895	465	3
685	1616869.50825	478	1
686	1564714.6348200007	525	5
687	1657284.931099999	490	3
688	1588005.5748200007	493	1
689	1635636.9587499998	503	3
690	1558876.57575	508	1
691	1610237.1482200006	516	3
692	1523676.5621600002	523	1
693	444582.17298000003	2604	8
694	1601058.3225400005	543	3
695	1518547.9081599996	538	1
696	1522157.4112900007	615	5
697	1646485.0835899992	564	4
698	1507865.5516000013	553	1
699	1520466.0833400006	635	5
700	1617457.955359999	584	4
701	448559.71700999996	2690	10
702	444193.32719000004	3486	8
703	447994.78031000006	3194	10
704	1591562.1744000006	662	3
705	446819.06979999994	3345	10
706	444193.32719000004	3421	10
707	1581759.3443600005	682	3
708	1567044.3303500009	742	2
709	1613782.2359599995	670	4
710	1580512.9383000005	693	4
711	1563559.7843600006	723	3
712	1508032.9822800008	770	5
713	1571169.6704000002	716	4
714	1502550.6508000006	795	5
715	1532091.97052	739	4
716	1494161.42454	701	1
717	1480250.498910001	820	5
718	1527755.9107899999	762	4
719	1483513.3080199999	723	1
720	1464201.2987200008	845	5
721	1527483.01758	785	4
722	1549948.7402600003	860	2
723	1479590.61292	745	1
724	1463053.20722	870	5
725	1525261.5734000003	808	4
726	1529119.0083000008	838	3
727	1509598.29	831	4
728	1504897.1034399995	878	4
729	1534329.0974500007	956	2
730	1470392.57812	902	4
731	1526787.8776499997	989	2
732	1464882.4118899999	926	4
733	1465138.8105000001	839	1
734	1483908.3107600003	1022	2
735	1523553.352250001	1003	3
736	1463919.4412000002	864	1
737	1422125.59624	1035	5
738	444582.17298000003	7058	11
739	1458990.6453199997	1055	2
740	1517089.9486200006	1033	3
741	1408782.17295	1065	5
742	1399195.9504000002	1056	4
743	1379544.5685999994	1084	4
744	1494840.84922	1126	3
745	1358950.699070001	1112	4
746	1443944.9362799993	1158	3
747	1354328.6667000004	1140	4
748	1448003.9121399997	1193	2
749	1442486.0968399993	1190	3
750	444193.32719000004	8858	11
751	1400628.47376	1225	5
752	1426582.5300000003	1229	2
753	1442398.5167199995	1222	3
754	1439044.2403400003	1029	1
755	1394090.6618	1259	5
756	1413902.9792000002	1265	2
757	1414080.8292099999	1059	1
758	1337556.9701800004	1258	4
759	1377562.45082	1301	2
760	1283982.6212799998	1289	4
761	1364636.9394999999	1328	5
762	1376612.8271000003	1337	2
763	1413742.6380399996	1089	1
764	447667.24035000004	10589	9
765	444582.17298000003	10689	9
766	1230260.8792800005	1320	4
767	1334990.4317199998	1363	5
768	444193.32719000004	10989	9
769	1229800.4449999998	1351	4
770	1320075.66634	1398	5
771	1345997.6981999993	1448	2
772	1223710.3757900002	1447	4
773	1345423.2922599998	1486	2
774	1312574.22558	1506	5
775	1394856.7876499998	1506	3
776	1216048.9055599996	1514	4
777	1273209.72149	1543	5
778	1374214.7509299994	1545	3
779	1340016.8639200001	1563	2
780	1271619.0157599996	1580	5
781	1306145.58964	1683	2
782	1388593.3462500006	1357	1
783	1288476.6448999993	1724	2
784	1385002.4462200003	1394	1
785	1250178.6604499999	1949	5
786	1206931.9979200005	1943	4
787	1360541.1111200002	1980	3
788	1339563.3748999997	1548	1
789	1292474.5029600002	1588	1
790	1186403.4870500006	2078	4
791	1169169.5075200002	2124	4
792	1291223.0874400004	1628	1
793	1359933.2904000005	2127	3
794	1151899.9750199998	2170	4
795	1149674.9000999993	2216	4
796	1238570.142	2390	5
797	1226879.2166100002	2497	5
798	1298444.2663000007	2498	3
799	1189383.4275200001	2606	5
800	1298035.7643799998	2554	3
801	1188960.0976399998	2661	5
802	1287195.8937499998	2615	2
803	1141021.5141599998	2721	4
804	1262022.1936999995	2673	2
805	1137036.5294399997	2776	4
806	1238419.8529000003	2731	2
807	1269705.8320999998	2784	3
808	1158026.7794	2887	5
809	1237070.1640999995	2789	2
810	1217138.8034499995	2847	2
811	1234900.55084	2903	3
812	1194100.3529399997	2905	2
813	1231619.24404	2963	3
814	1136316.2	3064	5
815	1188378.9560000002	2963	2
816	1133727.9665600006	3182	4
817	1131268.7657600003	3310	5
818	1179370.444	3201	2
819	1201485.27258	3338	3
820	1088970.4636700004	3502	5
821	1168298.428	3324	2
822	1086965.2865	3567	5
823	1276062.0765899997	2559	1
824	1241870.2977499997	2617	1
825	1166555.6336600003	3673	3
826	1236680.24796	2675	1
827	1109229.9590600007	3767	4
828	1164757.77705	3742	3
829	1093253.7297800006	3836	4
830	1152601.7925600004	3711	2
831	1143243.0370300005	3778	2
832	1129108.5020500005	3913	2
833	1146976.01575	4556	3
834	1078286.8525	4890	5
835	1120469.7808000005	4795	2
836	1089883.9545200001	4976	4
837	1119807.2854400002	4874	2
838	1082088.3842599993	5059	4
839	1139188.3211300003	5130	3
840	1073714.6745200001	5142	4
841	1138512.7584000002	5301	3
842	1121036.61717	5387	3
843	1111623.5063700003	5196	2
844	1197473.4569899999	3872	1
845	1184518.84592	3947	1
846	1059448.0178400008	6034	5
847	1088742.1324499997	5827	3
848	1167568.53394	4022	1
849	1155870.138	4097	1
850	1106574.9272500002	5791	2
851	1151092.0703000003	4172	1
852	1049355.3319	6319	5
853	1066443.7874999999	6100	3
854	1061142.88704	6192	3
855	1144905.3492400001	4247	1
856	1057313.4103000003	6110	4
857	1051169.1901999996	6566	3
858	1037694.3187500001	6909	5
859	1089948.6243000003	6428	2
860	1023144.9285	7009	5
861	1024709.70936	6854	3
862	1057034.4387900003	6782	4
863	1134306.4256599995	4793	1
864	1108379.5935600004	4956	1
865	1055299.2749700004	7281	4
866	1055051.0105700004	7381	4
867	1016920.90818	8009	5
868	1076139.9432500002	7407	2
869	1080954.7844399998	5376	1
870	1063732.2505499998	7707	2
871	1038328.93895	8081	4
872	1023510.9395400003	8181	4
873	1020046.5088799996	8748	3
874	1073869.9060199999	5907	1
875	1011629.5047200002	8948	3
876	1006731.86624	9048	3
877	980566.3893100001	9148	3
878	1000343.3409200001	9409	5
879	1015338.0457000004	9081	4
880	1006807.2254399998	9681	4
881	994384.5511600003	10309	5
882	1003707.3350000004	9781	4
883	973403.3719000001	10648	3
884	1041564.2503999998	9807	2
885	987972.8029599994	10809	5
886	962932.07984	11348	3
887	1025054.1254200002	10407	2
888	1068480.7743999998	7662	1
889	967080.1449999997	11509	5
890	958351.2171000001	11648	3
891	951048.9922500001	11748	3
892	947143.2243300003	11848	3
893	955124.2093599996	11909	5
894	954277.2021599996	12009	5
895	935514.5356000002	12148	3
896	952229.9019999999	12109	5
897	999545.2327999999	11381	4
898	950423.7477200001	12209	5
899	942826.8662799995	12509	5
900	935136.9548799996	12609	5
901	927641.9468000003	12848	3
902	929108.5296400002	12809	5
903	927071.9088500002	12909	5
904	924171.8788599997	13348	3
905	920483.5732500002	13209	5
906	904265.8155400003	13448	3
907	896122.5771300002	13548	3
908	887719.6604100002	13748	3
909	856374.1917	13948	3
910	851898.0557999999	14048	3
911	983679.2676799999	13581	4
912	840317.6223999999	14948	3
913	982252.9348299999	13781	4
914	979759.5861599995	13881	4
915	1009899.7510200003	13607	2
916	976766.0370299999	14181	4
917	976025.7531299999	14281	4
918	1002033.4011800004	14007	2
919	916808.0083600003	15709	5
920	911129.97318	15809	5
921	910903.6631000001	15909	5
922	1063659.5434600003	10762	1
923	964282.76352	15181	4
924	1001408.81903	15007	2
925	903177.3263000001	16809	5
926	1057763.2299999995	11062	1
927	991677.93563	15107	2
928	1057672.2315999996	11162	1
929	955890.49664	15781	4
930	1051102.4116600002	11262	1
931	831913.1402600002	17648	3
932	960878.5092400002	15407	2
933	941642.4829999999	15881	4
934	1050947.13125	11362	1
935	947355.0444000002	15507	2
936	883160.8823200003	17409	5
937	935603.8564799998	15607	2
938	828160.0766999999	17948	3
939	881491.6569000004	17509	5
940	873546.9823400005	17909	5
941	936173.2494199999	16581	4
942	1045550.9622600002	11862	1
943	867408.6494000005	18309	5
944	929691.9381399996	17607	2
945	924756.52506	18681	4
946	863073.1954000004	20609	5
947	862991.4504800003	20709	5
948	819940.6128599999	21848	3
949	928867.0288799998	19307	2
950	814447.4378800001	22348	3
951	920262.3582199995	20081	4
952	904372.7078999996	20281	4
953	1036091.9291800003	14262	1
954	836990.3707800003	22109	5
955	893207.6966000001	21281	4
956	870638.04598	21581	4
957	864742.1342999999	22281	4
958	802974.5671	24948	3
959	1029329.0600000005	15762	1
960	830993.9719800005	24709	5
961	1029000.4218400004	16362	1
962	1012730.1648800005	16462	1
963	927498.6104799997	23307	2
964	922569.85	23907	2
965	1007121.1833600005	17462	1
966	905854.0599199999	24407	2
967	1004250.1598800005	17562	1
968	899144.2270400003	25307	2
969	854953.14342	26481	4
970	887110.3224999999	25507	2
971	1003420.9147200005	18462	1
972	836342.27975	27181	4
973	821685.2771700001	29409	5
974	820167.4280900004	29509	5
975	1001359.5196800004	18862	1
976	863600.9012999999	26807	2
977	838567.3736900002	26907	2
978	971938.4315300001	19562	1
979	829755.45936	28781	4
980	827022.0001800004	29781	4
981	821657.34652	28407	2
982	783803.6764999998	32409	5
983	782918.0966599999	32609	5
984	819125.0572	29407	2
985	810424.1669900002	30981	4
986	813713.99423	30207	2
987	775286.0208200001	34209	5
988	807683.86553	32281	4
989	798741.43387	32581	4
990	789217.90316	32681	4
991	788677.3146199998	32781	4
992	801239.6627200001	36248	3
993	772973.2793599997	35609	5
994	769168.4346399999	35709	5
995	794613.65438	36648	3
996	786760.7891299999	34481	4
997	784171.8534999997	34581	4
998	765748.4175999997	37109	5
999	766597.2534399997	34981	4
1000	966953.3925499996	23962	1
1001	791535.54963	38748	3
1002	966848.5055899997	24062	1
1003	782701.12866	38948	3
1004	777347.8182199999	39148	3
1005	955790.21776	24362	1
1006	750021.2562399997	37481	4
1007	949491.1646899997	25062	1
1008	766246.4918399998	41948	3
1009	751069.2791999998	41509	5
1010	923219.0733299997	25962	1
1011	744494.5731299999	42248	3
1012	747288.2811199998	40381	4
1013	914283.0979900002	26862	1
1014	741397.8062499999	40681	4
1015	734950.6861600002	40881	4
1016	809659.0263799998	39007	2
1017	722877.8079200003	42281	4
1018	805386.8712199997	40407	2
1019	720859.5594500003	43381	4
1020	908194.9651599999	29062	1
1021	741167.3246200003	47709	5
1022	740159.5412499999	47809	5
1023	711711.7337999999	45781	4
1024	709117.7987700002	45881	4
1025	791957.15343	44007	2
1026	741064.8108199998	49648	3
1027	740612.29015	49748	3
1028	700610.2975200004	47681	4
1029	736605.1344799999	50648	3
1030	729131.8482400001	50748	3
1031	689614.3279999997	48381	4
1032	727224.1405200001	50848	3
1033	781668.3747299999	45907	2
1034	775760.8492399999	46207	2
1035	670860.8104199999	49881	4
1036	670311.58724	49981	4
1037	899943.2283999999	32462	1
1038	717757.17625	52948	3
1039	657216.9490999999	51281	4
1040	648568.40275	51381	4
1041	648104.6774999999	51481	4
1042	711929.1430199998	53748	3
1043	711621.1480199998	53848	3
1044	895226.3247499997	33262	1
1045	767482.0905199999	48607	2
1046	895215.3555499996	33962	1
1047	761510.90902	49307	2
1048	748478.4707500001	50107	2
1049	881864.57478	34662	1
1050	870909.1101199999	35062	1
1051	711485.8609200001	57648	3
1052	854112.3901199999	35462	1
1053	645002.5327399998	56381	4
1054	849102.6775999999	35762	1
1055	734500.8875599996	58709	5
1056	732251.3912500001	58809	5
1057	703062.9771700001	59248	3
1058	702999.8617699998	59648	3
1059	699727.1626500001	59748	3
1060	834117.7141199999	39162	1
1061	694668.4368799999	63948	3
1062	693918.0086000002	64048	3
1063	722177.6638400003	63809	5
1064	711559.51875	64709	5
1065	748226.4143999999	58607	2
1066	745419.26255	58707	2
1067	638384.42028	65381	4
1068	737500.5029399999	59607	2
1069	702439.3997600004	67109	5
1070	826586.1109199999	41262	1
1071	729329.27419	61207	2
1072	726414.4768000003	61307	2
1073	686171.8145200002	71648	3
1074	684951.3968000002	71948	3
1075	683226.6778399999	72048	3
1076	678467.44095	72748	3
1077	632475.05508	73981	4
1078	696409.7421200002	74909	5
1079	818916.9601999999	46562	1
1080	722536.30669	71607	2
1081	721003.81308	71707	2
1082	625182.2938300002	80381	4
1083	713376.11594	73407	2
1084	809336.3623599999	50162	1
1085	800189.80528	50262	1
1086	701359.3544000002	74507	2
1087	611258.29532	83781	4
1088	658045.5391999999	82348	3
1089	650211.7231999999	82748	3
1090	642509.5184	84148	3
1091	685188.4502	76807	2
1092	689784.1801500001	86909	5
1093	789126.2119200001	53262	1
1094	676276.5060200002	79307	2
1095	633820.2880599999	88048	3
1096	604761.8839100001	91481	4
1097	684075.1195200002	90009	5
1098	668139.6032499998	82007	2
1099	595292.1919200001	93181	4
1100	651970.5100399998	83307	2
1101	784534.1159999998	55962	1
1102	625146.7793099999	93648	3
1103	776654.2567999999	57162	1
1104	770438.6279999999	57762	1
1105	588259.73664	97781	4
1106	676430.1004000001	95509	5
1107	676429.2946400002	95709	5
1108	617525.1432299998	96548	3
1109	648207.7537599999	88907	2
1110	587439.4217000002	100581	4
1111	583559.9589	100681	4
1112	577039.2707400002	100781	4
1113	573450.9322200001	100981	4
1114	669598.8438	98609	5
1115	647804.7721999998	90907	2
1116	643362.5573599999	91007	2
1117	767455.4169600003	61162	1
1118	654043.2448000001	100909	5
1119	763609.7012999998	62962	1
1120	646418.5902799998	103709	5
1121	638144.1571199999	96507	2
1122	564456.21097	114281	4
1123	633650.1943999999	102907	2
1124	630788.0046599999	116209	5
1125	628638.53256	116309	5
1126	620348.1625599999	116409	5
1127	754989.6468899999	71162	1
1128	618860.4590399998	118509	5
1129	614374.5814400001	118848	3
1130	609885.5839599998	118948	3
1131	629206.2317199999	110707	2
1132	622198.2598299999	110807	2
1133	751918.48693	72762	1
1134	616540.9227800001	113407	2
1135	615276.1424	129709	5
1136	562495.6420700001	137181	4
1137	557758.50105	144081	4
1138	610924.3079499999	141009	5
1139	601418.8926799998	139948	3
1140	746916.5926499998	84562	1
1141	746790.0982700002	84662	1
1142	552245.4440600001	151681	4
1143	605043.9187999999	144609	5
1144	608621.3762	138807	2
1145	595182.6281099999	149148	3
1146	599799.2912000002	141907	2
1147	743728.52569	94862	1
1148	742660.8968100001	94962	1
1149	736152.12059	95662	1
1150	546126.4000000001	171181	4
1151	730826.9965799998	96462	1
1152	538105.4400000001	175381	4
1153	596957.9812999999	167109	5
1154	714182.2572599998	99162	1
1155	589723.4306999999	168009	5
1156	706551.7786499999	100062	1
1157	702188.98763	100662	1
1158	594242.0604800001	162507	2
1159	591460.0200800003	162607	2
1160	534234.20168	184981	4
1161	702037.44107	103362	1
1162	586897.8143999999	163807	2
1163	701918.4170099999	103462	1
1164	528951.02806	187181	4
1165	590094.6744799998	173848	3
1166	525296.0315	189181	4
1167	522996.24972000014	189281	4
1168	584993.4625	168507	2
1169	585675.32744	180609	5
1170	579947.8335200001	168707	2
1171	576610.3954	168907	2
1172	694810.3626899999	107162	1
1173	686203.20825	110862	1
1174	581010.14632	190609	5
1175	568547.4210000001	178707	2
1176	674765.71759	112962	1
1177	673736.6248699999	113062	1
1178	587973.2566299998	188648	3
1179	582287.1644799998	188748	3
1180	670313.689	115862	1
1181	665742.0061199999	115962	1
1182	567691.17432	186407	2
1183	548725.4940800001	187707	2
1184	578954.6109399999	196048	3
1185	657470.783	118662	1
1186	544129.3868	190907	2
1187	574765.3751200001	204809	5
1188	537716.41364	194707	2
1189	576836.5110999999	203548	3
1190	534091.6514399999	200807	2
1191	567857.0622400001	213709	5
1192	574795.98524	208348	3
1193	571570.1233	208448	3
1194	565807.54	214809	5
1195	557812.2443199999	220009	5
1196	525643.65256	211307	2
1197	520648.36912	211507	2
1198	551037.65812	224509	5
1199	565169.2194199999	220348	3
1200	652398.976	133362	1
1201	650814.5719999999	133562	1
1202	553586.2317	224848	3
1203	545346.0074499998	233609	5
1204	550315.7488	230948	3
1205	519726.08630999987	225707	2
1206	516903.83285000006	253381	4
1207	541205.5285	239809	5
1208	640559.7953999998	139262	1
1209	632053.3023999999	139862	1
1210	625397.99255	140062	1
1211	622512.3475399999	140462	1
1212	622191.66622	140562	1
1213	515615.36187999987	236907	2
1214	539507.1878000001	245048	3
1215	533582.55898	255309	5
1216	617113.5179	148662	1
1217	506654.77	248007	2
1218	509749.77723	278581	4
1219	500969.57738000003	254507	2
1220	535739.7831	259748	3
1221	504066.77229999995	283981	4
1222	531389.24128	268609	5
1223	529719.54992	270809	5
1224	600844.75313	157162	1
1225	519903.74679999985	273309	5
1226	515093.38869999984	275709	5
1227	592095.5955000002	159062	1
1228	586281.26758	166262	1
1229	500851.72552999994	316681	4
1230	582041.972	176062	1
1231	574058.53904	176962	1
1232	491221.9458899999	325981	4
1233	508557.4071799999	317409	5
1234	499964.2426199999	318309	5
1235	496278.9097599999	318409	5
1236	533341.90086	309248	3
1237	531191.3168	309348	3
1238	565325.45904	184062	1
1239	558333.40272	185762	1
1240	483571.73302999994	341981	4
1241	526197.6883399999	319048	3
1242	522790.31465	321048	3
1243	554979.8094999999	191162	1
1244	474747.1765	364781	4
1245	517671.68908	338248	3
1246	508276.43958999997	344948	3
1247	507620.95774	347448	3
1248	503902.75951999996	356948	3
1249	486255.43503999984	373509	5
1250	485579.93631999986	373609	5
1251	548122.8008999999	214762	1
1252	490968.48279999994	370748	3
1253	489653.0356	370848	3
1254	479873.2171199999	384509	5
1255	499795.32675	373607	2
1256	537210.39553	225962	1
1257	535516.5249399999	226262	1
1258	529754.9576	229762	1
1259	514484.14193999994	235762	1
1260	484807.86279999994	401648	3
1261	509660.3029	241362	1
1262	505216.76112	241462	1
1263	470572.69068	456981	4
1264	497160.4452799999	257662	1
1265	496313.92227999994	260062	1
1266	495549.1251399999	260162	1
1267	485911.9583199999	270662	1
1268	479377.68999999994	454048	3
1269	471984.5564	463809	5
1270	497675.14955	453807	2
1271	465111.1505	481009	5
1272	476120.923	479348	3
1273	468968.1476600001	491848	3
1274	494820.95232000004	479807	2
1275	488419.39603	479907	2
1276	462179.49752000003	495148	3
1277	477637.78150000004	360862	1
1278	468877.57246000005	421162	1
1279	465851.12658	431962	1
1280	464091.4539999999	433062	1
1281	459789.00519	439662	1
1282	455025.82816	478262	1
1283	1666351.71764	1	13
1284	1665060.8907199996	2	13
1285	1661891.6412800008	3	13
1286	1576131.2511999998	4	13
1287	1564982.7809800003	5	13
1288	1479760.5778799993	6	13
1289	1382029.3761199994	7	13
1290	1369035.54328	10	13
1291	1256791.4922300002	12	13
1292	1242763.5132199996	14	13
1293	1173107.2696599998	16	13
1294	1103461.8906300003	18	13
1295	1088514.6605999996	20	13
1296	1073939.8236000005	22	13
1297	1030787.7559899996	24	13
1298	1001624.5188400004	26	13
1299	981278.7774399999	28	13
1300	937979.5920399998	30	13
1301	918551.8799599994	32	13
1302	894965.5946800002	34	13
1303	884831.1510000001	36	13
1304	873773.4904700003	38	13
1305	863874.2068799996	40	13
1306	851353.6415699999	42	13
1307	836202.2658400006	44	13
1308	815103.4235	46	13
1309	794020.6055999998	48	13
1310	773028.9270399996	53	13
1311	762984.5034399999	56	13
1312	746541.5265000003	59	13
1313	719540.27345	62	13
1314	717463.3315999999	65	13
1315	713638.2629999999	68	13
1316	697558.8453400003	71	13
1317	691948.5076000001	74	13
1318	669414.4327200003	77	13
1319	668435.2474800003	80	13
1320	658958.3703999997	83	13
1321	651546.8671199998	86	13
1322	635925.1094499998	89	13
1323	620587.5621499999	92	13
1324	620350.2599199999	95	13
1325	616209.4784799999	98	13
1326	611651.6547499999	101	13
1327	601715.2285999999	104	13
1328	600789.13103	107	13
1329	597628.1439200002	110	13
1330	7273834.895490001	1	14
1331	6893181.444560003	4	14
1332	7519045.83158	1	15
1333	7333083.186399999	2	15
1334	7543837.146940001	1	16
1335	6456854.199999999	6	14
1336	7127976.28016	3	15
1337	7241751.42	2	16
1338	6843639.380000001	4	15
1339	6239144.46016	8	14
1340	6953381.91272	3	16
1341	6741720.567130001	5	15
1342	6671085.6508599995	4	16
1343	6714491.037360001	6	15
1344	6026626.121609999	10	14
1345	6624809.02588	5	16
1346	6434260.0592	7	15
1347	6564672.967120001	6	16
1348	6150290.867239999	8	15
1349	5746982.610640001	12	14
1350	6201032.899540002	7	16
1351	6196600.12837	8	16
1352	5526656.996860001	14	14
1353	6093184.765000001	9	16
1354	5748031.181759999	11	15
1355	5338083.494600002	16	14
1356	5842661.60906	10	16
1357	5571384.6225000005	13	15
1358	5675497.3178699985	11	16
1359	5176806.446150001	18	14
1360	5378945.343820002	12	16
1361	5363331.323239999	15	15
1362	4959006.9185500005	20	14
1363	5221795.1032	17	15
1364	5343105.298600001	15	16
1365	4791884.1556400005	22	14
1366	5060149.476640001	19	15
1367	5173233.1196	17	16
1368	4732714.505319998	24	14
1369	4843740.536700001	21	15
1370	4522451.379679999	26	14
1371	4870306.770460001	19	16
1372	4790024.360720001	23	15
1373	4458746.316219999	28	14
1374	4863908.120320001	21	16
1375	4287699.96714	30	14
1376	4698712.1310600005	25	15
1377	4696997.065760002	23	16
1378	4247315.70355	32	14
1379	4596674.931740001	27	15
1380	4477242.703520002	25	16
1381	4186504.9039499993	34	14
1382	4550618.37052	29	15
1383	4153515.116360001	36	14
1384	4404111.868100002	27	16
1385	4309500.268149999	31	15
1386	4033335.0309599987	38	14
1387	4398172.907950002	29	16
1388	4307782.523789999	33	15
1389	3913898.2251199987	40	14
1390	4322413.80362	31	16
1391	4226903.826800001	35	15
1392	3854374.5924799987	42	14
1393	4155275.30785	37	15
1394	4229833.717600001	33	16
1395	3788165.3664699993	44	14
1396	3674900.204920003	46	14
1397	4058366.5116	39	15
1398	4110392.8556100004	35	16
1399	3603781.540670001	48	14
1400	4000102.4069400006	41	15
1401	3959993.8852500017	37	16
1402	3527519.755280001	50	14
1403	3967883.3888	43	15
1404	3926920.167030002	39	16
1405	3506839.0660499996	52	14
1406	3887286.2360799974	45	15
1407	3461554.194000001	54	14
1408	3898625.663940001	41	16
1409	3877831.796299998	47	15
1410	3385833.465280001	56	14
1411	3802259.8533000005	43	16
1412	3298085.712349999	58	14
1413	3830662.962799998	49	15
1414	3271523.18992	60	14
1415	3761644.336960002	45	16
1416	3775002.389199998	51	15
1417	3256891.8241299996	62	14
1418	3677772.067700001	47	16
1419	3761267.3292399994	53	15
1420	3217235.290400001	64	14
1421	3673404.536150001	49	16
1422	3748342.4290699973	55	15
1423	3187464.1960400003	66	14
1424	3709425.625419998	57	15
1425	3140082.9000800005	68	14
1426	3573221.286400002	51	16
1427	3108178.3963200003	70	14
1428	3698641.690879998	59	15
1429	3541279.930240002	53	16
1430	3066061.973000001	72	14
1431	3658859.480249998	61	15
1432	3520083.975360002	55	16
1433	3044787.2498000013	77	14
1434	3648282.405699998	66	15
1435	3041699.846600001	80	14
1436	3509875.0355200022	60	16
1437	3027711.8516599997	83	14
1438	3625974.0431999983	69	15
1439	3394079.999140001	63	16
1440	3002382.8750800006	86	14
1441	2997923.10096	89	14
1442	3351038.54414	66	16
1443	2991365.2924800008	92	14
1444	3614381.3427499984	76	15
1445	3320577.4678199994	69	16
1446	2982861.1515	95	14
1447	3315694.911079999	72	16
1448	3614216.3802499985	80	15
1449	2975617.311	98	14
1450	3284864.301	75	16
1451	2964420.7265000003	101	14
1452	3558839.1070399974	84	15
1453	2954080.0870000003	104	14
1454	3266612.35931	78	16
1455	2939500.793960001	107	14
1456	3256393.6204700004	81	16
1457	3237218.42542	84	16
1458	2929170.720040001	119	14
1459	3218479.8630999997	91	16
1460	2908039.10475	130	14
1461	3537671.4212799976	106	15
1462	3208088.3339599995	100	16
1463	2897835.72675	136	14
1464	2888033.71275	142	14
1465	3204916.5352999996	111	16
1466	3204718.8153	117	16
1467	3474326.59011	130	15
1468	3340288.257509999	139	15
1469	3304109.02597	148	15
1470	3265108.573179999	157	15
1471	3228580.331000001	166	15
1472	3217808.237369999	175	15
1473	3216010.2565599983	194	15
1474	3134109.7405699994	238	16
1475	3044180.3851999994	254	16
1476	3024534.8845999995	270	16
1477	3091889.275999999	555	15
1478	3085206.8228799994	612	15
1479	3083249.302239999	671	15
1480	2917240.153179999	711	16
1481	2805408.168280001	744	16
1482	2964333.7408799985	902	15
1483	2837699.9878000002	938	15
1484	2832011.165210001	974	15
1485	2830935.162120001	1010	15
1486	2733470.32433	1283	15
1487	2697048.91932	1325	15
1488	2696996.2944899993	1367	15
1489	2829584.2504700013	2473	14
1490	2718578.1900000004	2541	14
1491	2544810.0300200013	5456	15
1492	2599207.3395200004	6771	16
1493	2546390.289399999	6885	16
1494	2678149.9619199997	10133	14
1495	2588445.1362000005	10273	14
1496	2400694.5568800005	13164	16
1497	2391469.17688	13323	16
1498	2406241.1601	37461	15
1499	2215241.834509999	100111	15
1500	2122396.31156	102346	15
1501	2115277.34421	102795	15
1502	2456315.72198	94504	14
1503	2256708.6365399985	102237	16
1504	2067160.3057099998	171290	15
1505	2074369.843750001	185740	16
1506	2303561.5012500007	184897	14
1507	2224799.419760001	275012	14
1508	2129578.1267400016	379467	14
1509	2091194.8845400014	380335	14
1510	1981773.5392300007	934300	15
1511	1966772.0303200006	1422557	14
